method,feature_group,ece,nll,brier,auroc,mean_conf,acc,n_samples,n_questions,FG_mis,delta_acc_mis,delta_conf_mis,b2_rho_topicality,h3_moment_rho_topicality,b2_rho_answer_support,h3_moment_rho_answer_support,b2_rho_veracity,h3_moment_rho_veracity,b2_rho_P,h3_moment_rho_P,b2_rho_PE,h3_moment_rho_PE,b2_rho_eps,h3_moment_rho_eps,b2_mixedlm_converged,b2_mixedlm_error
matched_identity,source_confidence,0.32238838742470843,3.1204228111740213,0.31437452991503706,0.8021330279139184,0.4182450041134115,0.13096026490066226,18120,982,0.5735269600272013,-0.09001636661211129,0.48351059341508995,0.39969017696227543,0.38104790886420825,0.18954042307796534,0.18099039761051963,0.005246983054578554,0.0046004015801781595,0.026783699115228495,0.1580755185653734,0.334270126042243,0.2432096820958151,0.04446859174770905,0.032076091283905504,True,
matched_conditional_gbm,all,0.014915614894546637,0.20862858233417533,0.06458433680119141,0.9313406568374645,0.12671337956011672,0.13096026490066226,18120,982,0.2542368820683707,-0.09001636661211129,0.16422051545625943,0.3244272137558039,0.30118014728244125,0.14675318562432854,0.13618067479699267,0.0067331702291149025,0.004905318224209596,0.08824563946635416,0.25456550725409294,0.4213148334921962,0.29436349414678853,0.012525957432202224,0.008804858295475133,True,
