condition,n_samples,n_questions,n_positive,positive_rate,surface_cv_auroc,surface_cv_auroc_unweighted,surface_cv_auroc_balanced,surface_cv_auroc_separable,ctx_len_tokens_auc,ctx_entity_count_auc,coef_ctx_len_tokens,coef_ctx_entity_count
sup,7500,1500,5140,0.6853333333333333,0.5120661725911759,0.49959708665831304,0.5120661725911759,0.5120661725911759,0.4886685517377828,0.4766065010222251,0.001073939737600997,-0.023429134122272
mis,7500,1500,34,0.004533333333333334,0.26486542916121714,0.30634759931296385,0.26486542916121714,0.7351345708387829,0.5364987945352264,0.40024385055388345,0.012169124267319696,-0.19524836427076733
