feature,value,mean_pred
ctx_len_tokens,0.0,0.21117158069820743
ctx_len_tokens,34.0,0.2800703016210728
ctx_len_tokens,74.0,0.15309176012328707
ctx_len_tokens,102.0,0.2156683652909207
ctx_len_tokens,106.0,0.1726568405453805
ctx_entity_count,0.0,0.11349143623288767
ctx_entity_count,5.0,0.09676987939506279
ctx_entity_count,9.0,0.14686044822722152
ctx_entity_count,14.0,0.22711003529206586
ctx_entity_count,18.0,0.2780516885459618
