{
  "seed": 20260620,
  "train_frac": 0.5,
  "train_questions": 750,
  "eval_questions": 750,
  "source_confidence_columns": [
    "conf_ptrue",
    "conf_verbalized",
    "conf_seqlik"
  ],
  "conf_ptrue": {
    "identity": {},
    "temperature_scaling": {
      "temperature": 54.59452609931421,
      "success": true
    },
    "platt_logistic": {
      "coef": 0.04068469023699515,
      "intercept": -1.6417361917546698
    },
    "isotonic_relabel": {
      "threshold_count": 5
    },
    "condition_oracle_logistic": {
      "feature_mode": "condition",
      "feature_names": [
        "logit_conf",
        "is_irr",
        "is_same_entity_irr",
        "is_sup",
        "is_mis"
      ],
      "coef": [
        0.03684105774422912,
        -1.8176191312646766,
        0.07240207706694804,
        1.9951389610034107,
        -3.4401352401927072
      ],
      "intercept": -1.7519716354447248
    },
    "staged_oracle_logistic": {
      "feature_mode": "staged_codes",
      "feature_names": [
        "logit_conf",
        "topicality_code",
        "answer_support_code",
        "veracity_code"
      ],
      "coef": [
        0.028468693355344653,
        1.4187689126287235,
        -0.3745444839412827,
        4.606741627034577
      ],
      "intercept": -2.169793358322133
    },
    "condition_only_oracle": {
      "feature_mode": "condition_only",
      "feature_names": [
        "is_irr",
        "is_same_entity_irr",
        "is_sup",
        "is_mis"
      ],
      "coef": [
        -1.4357343044962356,
        0.32671933581757934,
        2.4228681114501827,
        -2.9893091454791874
      ],
      "intercept": -1.8365333355027273
    }
  },
  "conf_verbalized": {
    "identity": {},
    "temperature_scaling": {
      "temperature": 54.596202503556256,
      "success": true
    },
    "platt_logistic": {
      "coef": 0.12156311141485725,
      "intercept": -2.148626755648888
    },
    "isotonic_relabel": {
      "threshold_count": 10
    },
    "condition_oracle_logistic": {
      "feature_mode": "condition",
      "feature_names": [
        "logit_conf",
        "is_irr",
        "is_same_entity_irr",
        "is_sup",
        "is_mis"
      ],
      "coef": [
        0.15998990412797748,
        -1.3617716195300644,
        0.28888905636550183,
        1.3503515601395812,
        -4.490419099046831
      ],
      "intercept": -2.277681253898407
    },
    "staged_oracle_logistic": {
      "feature_mode": "staged_codes",
      "feature_names": [
        "logit_conf",
        "topicality_code",
        "answer_support_code",
        "veracity_code"
      ],
      "coef": [
        0.14268565024345023,
        0.42123034539904247,
        -1.2929880933901334,
        4.858667603970572
      ],
      "intercept": -2.799205057667782
    },
    "condition_only_oracle": {
      "feature_mode": "condition_only",
      "feature_names": [
        "is_irr",
        "is_same_entity_irr",
        "is_sup",
        "is_mis"
      ],
      "coef": [
        -1.4357343044962356,
        0.32671933581757934,
        2.4228681114501827,
        -2.9893091454791874
      ],
      "intercept": -1.8365333355027273
    }
  },
  "conf_seqlik": {
    "identity": {},
    "temperature_scaling": {
      "temperature": 54.59577938733199,
      "success": true
    },
    "platt_logistic": {
      "coef": 0.20145734380522085,
      "intercept": -2.5342336015515365
    },
    "isotonic_relabel": {
      "threshold_count": 38
    },
    "condition_oracle_logistic": {
      "feature_mode": "condition",
      "feature_names": [
        "logit_conf",
        "is_irr",
        "is_same_entity_irr",
        "is_sup",
        "is_mis"
      ],
      "coef": [
        0.3031164763651268,
        -1.4534852185201734,
        -0.04249114648275883,
        0.9141585743773245,
        -5.255629436802346
      ],
      "intercept": -2.5483381205401696
    },
    "staged_oracle_logistic": {
      "feature_mode": "staged_codes",
      "feature_names": [
        "logit_conf",
        "topicality_code",
        "answer_support_code",
        "veracity_code"
      ],
      "coef": [
        0.2612833469926085,
        0.20737623265503077,
        -1.427710060963689,
        4.957087628011094
      ],
      "intercept": -3.2987510228118717
    },
    "condition_only_oracle": {
      "feature_mode": "condition_only",
      "feature_names": [
        "is_irr",
        "is_same_entity_irr",
        "is_sup",
        "is_mis"
      ],
      "coef": [
        -1.4357343044962356,
        0.32671933581757934,
        2.4228681114501827,
        -2.9893091454791874
      ],
      "intercept": -1.8365333355027273
    }
  }
}