{
  "estimator": "REML MixedLM staged",
  "conditions": [
    "irr",
    "same_entity_irr",
    "sup",
    "mis"
  ],
  "coding": {
    "topicality": {
      "irr": -0.75,
      "same_entity_irr": 0.25,
      "sup": 0.25,
      "mis": 0.25
    },
    "answer_support": {
      "irr": 0.0,
      "same_entity_irr": -0.6666666666666666,
      "sup": 0.3333333333333333,
      "mis": 0.3333333333333333
    },
    "veracity": {
      "irr": 0.0,
      "same_entity_irr": 0.0,
      "sup": 0.5,
      "mis": -0.5
    }
  },
  "beta_topicality": 12.640886120129094,
  "beta_answer_support": 9.053546316731083,
  "beta_veracity": -1.522516184135006,
  "sigma2_P": 1.5943860692061642,
  "sigma2_topicality": 29.961000356638568,
  "sigma2_answer_support": 13.66111681819916,
  "sigma2_veracity": 0.2897569413691274,
  "sigma2_PE": 24.91409103536568,
  "sigma2_eps": 2.3661170849769433,
  "rho_P": 0.021904979130304734,
  "rho_topicality": 0.4116287141557792,
  "rho_answer_support": 0.18768758996263732,
  "rho_veracity": 0.003980917718825694,
  "rho_PE": 0.34229014836533267,
  "rho_eps": 0.03250765066712052,
  "mixedlm_converged": true
}