model,confidence,n_questions,pearson_r_uq_log_popularity,pearson_p,spearman_r_uq_popularity,spearman_p,mixedlm_converged,u_q_mean,u_q_std
Qwen2.5-7B,conf_ptrue,1500,-0.06917358009805732,0.0073609297648887,-0.0693845145032352,0.007182745969377177,True,-1.4512835377900045e-15,0.550812298823509
Qwen2.5-7B,conf_verbalized,1500,-0.06887617693409714,0.007618887117554215,-0.06049884471129073,0.019113830752850187,True,-2.910856740830544e-15,0.335383687120605
Qwen2.5-14B,conf_ptrue,1500,-0.27277652521355844,5.289191683069821e-27,-0.25267928741716433,2.7940596557938127e-23,True,2.1902479829805088e-14,0.455373179082921
Qwen2.5-14B,conf_verbalized,1500,0.07204010020854343,0.0052480166892681325,0.05084240982857403,0.048981827671663015,True,-2.3027505828091914e-15,0.1288495685206446
